campaign_id,campaign_name,campaign_type,start_date,end_date,marketing_channel,campaign_budget,campaign_spend
CAMP-0001,Campaign 0001,Social Media,2023-07-18,2023-09-08,Affiliate,329719,293577
CAMP-0002,Campaign 0002,Display,2024-07-11,2024-09-24,Facebook,134509,116475
CAMP-0003,Campaign 0003,Email,2023-09-16,2023-09-27,Instagram,365860,341602
CAMP-0004,Campaign 0004,Influencer,2024-05-24,2024-08-08,Email,212082,172835
CAMP-0005,Campaign 0005,Influencer,2024-07-06,2024-08-20,Facebook,50526,42122
CAMP-0006,Campaign 0006,Display,2023-05-26,2023-08-02,Google Ads,237133,182143
CAMP-0007,Campaign 0007,Display,2023-06-09,2023-07-12,Facebook,464669,461262
CAMP-0008,Campaign 0008,Social Media,2024-02-21,2024-05-20,Facebook,221494,195652
CAMP-0009,Campaign 0009,Performance (Search Ads),2024-06-02,2024-07-10,YouTube,485311,485233
CAMP-0010,Campaign 0010,Social Media,2023-10-09,2023-11-24,Google Ads,230416,206493
CAMP-0011,Campaign 0011,Performance (Search Ads),2024-08-14,2024-10-06,Google Ads,481875,369286
CAMP-0012,Campaign 0012,Influencer,2024-08-26,2024-11-13,Google Ads,165171,138731
CAMP-0013,Campaign 0013,Performance (Search Ads),2024-03-02,2024-05-12,Facebook,341613,296736
CAMP-0014,Campaign 0014,Display,2024-01-25,2024-02-24,Facebook,385418,301428
CAMP-0015,Campaign 0015,Social Media,2024-05-17,2024-07-31,Facebook,367326,257577
CAMP-0016,Campaign 0016,Email,2024-01-14,2024-02-06,Affiliate,358462,324533
CAMP-0017,Campaign 0017,Influencer,2024-09-23,2024-10-29,Email,466997,379678
CAMP-0018,Campaign 0018,Performance (Search Ads),2024-01-25,2024-04-19,YouTube,216585,180258
CAMP-0019,Campaign 0019,Influencer,2024-08-28,2024-11-02,Instagram,309003,239795
CAMP-0020,Campaign 0020,Performance (Search Ads),2023-06-07,2023-07-07,Instagram,393237,358810
CAMP-0021,Campaign 0021,Email,2024-07-28,2024-08-13,YouTube,300858,289259
CAMP-0022,Campaign 0022,Influencer,2024-03-12,2024-05-20,Instagram,104187,99875
CAMP-0023,Campaign 0023,Performance (Search Ads),2023-12-19,2024-02-12,Google Ads,42628,36335
CAMP-0024,Campaign 0024,Social Media,2023-11-29,2023-12-30,Google Ads,442207,389309
CAMP-0025,Campaign 0025,Performance (Search Ads),2024-01-25,2024-02-06,Instagram,106057,81674
CAMP-0026,Campaign 0026,Email,2024-04-29,2024-06-23,Email,91967,66087
CAMP-0027,Campaign 0027,Display,2024-03-21,2024-05-20,Facebook,479345,438314
CAMP-0028,Campaign 0028,Social Media,2024-01-02,2024-01-31,Instagram,330752,270489
CAMP-0029,Campaign 0029,Social Media,2024-06-20,2024-08-10,Instagram,312553,229876
CAMP-0030,Campaign 0030,Display,2024-03-10,2024-03-21,YouTube,20712,17337
CAMP-0031,Campaign 0031,Email,2023-09-05,2023-10-06,YouTube,248158,195252
CAMP-0032,Campaign 0032,Display,2023-10-04,2023-12-06,Instagram,111434,95430
CAMP-0033,Campaign 0033,Performance (Search Ads),2023-06-12,2023-08-17,Google Ads,485046,446262
CAMP-0034,Campaign 0034,Email,2024-09-11,2024-10-28,Instagram,55370,53364
CAMP-0035,Campaign 0035,Performance (Search Ads),2024-06-11,2024-07-21,Affiliate,304735,252721
CAMP-0036,Campaign 0036,Social Media,2023-07-06,2023-09-16,YouTube,342988,262510
CAMP-0037,Campaign 0037,Influencer,2023-06-15,2023-06-29,Facebook,264789,249696
CAMP-0038,Campaign 0038,Influencer,2023-04-21,2023-05-23,Facebook,31338,27679
CAMP-0039,Campaign 0039,Display,2023-09-23,2023-10-07,Facebook,177809,159020
CAMP-0040,Campaign 0040,Email,2023-09-08,2023-11-09,Google Ads,132617,93659
CAMP-0041,Campaign 0041,Influencer,2023-05-08,2023-07-14,Email,401998,286280
CAMP-0042,Campaign 0042,Social Media,2024-04-28,2024-05-07,Affiliate,73917,66504
CAMP-0043,Campaign 0043,Influencer,2024-03-23,2024-05-27,Email,65961,46532
CAMP-0044,Campaign 0044,Email,2023-05-05,2023-05-23,Facebook,71187,64453
CAMP-0045,Campaign 0045,Performance (Search Ads),2023-08-14,2023-09-14,Facebook,478177,436729
CAMP-0046,Campaign 0046,Performance (Search Ads),2023-07-14,2023-09-29,Instagram,417709,311968
CAMP-0047,Campaign 0047,Performance (Search Ads),2023-05-10,2023-06-21,YouTube,93605,74063
CAMP-0048,Campaign 0048,Influencer,2023-04-16,2023-06-30,Email,424170,330868
CAMP-0049,Campaign 0049,Performance (Search Ads),2023-09-07,2023-10-02,Email,225888,207545
CAMP-0050,Campaign 0050,Email,2024-06-19,2024-07-08,Google Ads,146880,116509
CAMP-0051,Campaign 0051,Influencer,2024-03-30,2024-05-26,YouTube,56688,53345
CAMP-0052,Campaign 0052,Performance (Search Ads),2023-11-02,2024-01-02,YouTube,453284,409246
CAMP-0053,Campaign 0053,Social Media,2023-10-15,2023-11-08,Facebook,493100,400376
CAMP-0054,Campaign 0054,Social Media,2024-09-27,2024-11-24,Email,183813,162078
CAMP-0055,Campaign 0055,Email,2023-07-08,2023-07-15,Google Ads,287507,253544
CAMP-0056,Campaign 0056,Performance (Search Ads),2024-09-14,2024-11-28,Instagram,409360,401019
CAMP-0057,Campaign 0057,Social Media,2023-07-21,2023-08-15,Facebook,360975,360569
CAMP-0058,Campaign 0058,Display,2024-01-01,2024-02-03,Email,141059,135123
CAMP-0059,Campaign 0059,Performance (Search Ads),2023-04-14,2023-04-28,Email,169368,146958
CAMP-0060,Campaign 0060,Performance (Search Ads),2023-04-19,2023-04-28,Email,227572,214161
CAMP-0061,Campaign 0061,Performance (Search Ads),2023-06-18,2023-09-02,Email,495509,347420
CAMP-0062,Campaign 0062,Performance (Search Ads),2024-03-29,2024-04-11,Email,37237,31230
CAMP-0063,Campaign 0063,Influencer,2024-03-29,2024-06-11,Instagram,394484,283734
CAMP-0064,Campaign 0064,Email,2023-09-07,2023-10-02,Email,48019,34204
CAMP-0065,Campaign 0065,Email,2024-07-27,2024-10-16,YouTube,431182,303556
CAMP-0066,Campaign 0066,Display,2023-05-02,2023-05-20,YouTube,35376,31665
CAMP-0067,Campaign 0067,Influencer,2024-02-23,2024-04-21,YouTube,473081,349040
CAMP-0068,Campaign 0068,Performance (Search Ads),2024-09-26,2024-11-14,Google Ads,95778,78993
CAMP-0069,Campaign 0069,Performance (Search Ads),2024-05-30,2024-08-21,YouTube,437074,360136
CAMP-0070,Campaign 0070,Display,2023-05-07,2023-06-05,Email,110848,96315
CAMP-0071,Campaign 0071,Influencer,2024-02-01,2024-02-24,YouTube,78431,74938
CAMP-0072,Campaign 0072,Influencer,2023-12-07,2024-01-22,Facebook,172299,168885
CAMP-0073,Campaign 0073,Influencer,2024-08-27,2024-11-04,Google Ads,365093,319921
CAMP-0074,Campaign 0074,Social Media,2024-04-21,2024-07-02,Instagram,368692,276804
CAMP-0075,Campaign 0075,Social Media,2024-05-14,2024-08-08,Instagram,71613,55263
CAMP-0076,Campaign 0076,Email,2023-11-17,2024-01-14,Google Ads,304780,228148
CAMP-0077,Campaign 0077,Email,2023-10-14,2023-10-21,Email,319306,266988
CAMP-0078,Campaign 0078,Performance (Search Ads),2023-09-17,2023-11-15,Affiliate,482152,403197
CAMP-0079,Campaign 0079,Display,2023-05-18,2023-08-06,YouTube,295902,275193
CAMP-0080,Campaign 0080,Social Media,2023-11-04,2024-01-31,YouTube,384400,326814
CAMP-0081,Campaign 0081,Social Media,2024-04-23,2024-05-09,YouTube,127841,99781
CAMP-0082,Campaign 0082,Social Media,2023-04-14,2023-05-19,Instagram,473692,365932
CAMP-0083,Campaign 0083,Performance (Search Ads),2024-01-30,2024-02-22,Affiliate,160245,142534
CAMP-0084,Campaign 0084,Display,2024-04-01,2024-06-26,Instagram,288326,202214
CAMP-0085,Campaign 0085,Social Media,2023-05-26,2023-06-02,Google Ads,172087,131001
CAMP-0086,Campaign 0086,Performance (Search Ads),2024-05-08,2024-07-16,Instagram,114462,108798
CAMP-0087,Campaign 0087,Influencer,2024-01-16,2024-03-24,Affiliate,89243,76605
CAMP-0088,Campaign 0088,Display,2023-10-05,2023-12-13,Facebook,200320,171103
CAMP-0089,Campaign 0089,Email,2023-11-12,2023-12-25,Affiliate,207532,187034
CAMP-0090,Campaign 0090,Email,2023-11-18,2023-12-20,Facebook,43291,34792
CAMP-0091,Campaign 0091,Social Media,2023-07-18,2023-09-12,YouTube,47770,44345
CAMP-0092,Campaign 0092,Email,2023-12-23,2024-02-19,YouTube,384886,274340
CAMP-0093,Campaign 0093,Email,2024-07-22,2024-10-10,Email,423571,407922
CAMP-0094,Campaign 0094,Display,2024-02-15,2024-04-25,Facebook,236344,175034
CAMP-0095,Campaign 0095,Influencer,2024-04-13,2024-05-19,Affiliate,270453,246032
CAMP-0096,Campaign 0096,Performance (Search Ads),2024-08-20,2024-09-21,Facebook,325222,237907
CAMP-0097,Campaign 0097,Performance (Search Ads),2023-10-18,2023-11-19,Instagram,479177,452437
CAMP-0098,Campaign 0098,Display,2023-10-09,2023-12-03,Affiliate,115144,88250
CAMP-0099,Campaign 0099,Display,2023-12-10,2024-02-11,Google Ads,78136,75334
CAMP-0100,Campaign 0100,Display,2023-09-19,2023-12-06,Google Ads,363023,344726
CAMP-0101,Campaign 0101,Display,2023-08-31,2023-10-01,Email,207930,201011
CAMP-0102,Campaign 0102,Display,2023-04-06,2023-06-25,Facebook,37613,35602
CAMP-0103,Campaign 0103,Social Media,2024-07-09,2024-10-05,Affiliate,58842,52743
CAMP-0104,Campaign 0104,Social Media,2023-09-22,2023-11-14,Google Ads,159764,142417
CAMP-0105,Campaign 0105,Performance (Search Ads),2023-07-02,2023-07-27,Email,462488,428945
CAMP-0106,Campaign 0106,Performance (Search Ads),2024-05-14,2024-07-25,Instagram,401291,305493
CAMP-0107,Campaign 0107,Display,2023-11-13,2023-12-29,Google Ads,218056,172414
CAMP-0108,Campaign 0108,Performance (Search Ads),2023-05-26,2023-08-11,Facebook,431629,352855
CAMP-0109,Campaign 0109,Performance (Search Ads),2024-01-04,2024-03-28,Email,373007,293507
CAMP-0110,Campaign 0110,Display,2024-01-19,2024-01-30,Instagram,176458,134723
CAMP-0111,Campaign 0111,Social Media,2024-02-09,2024-03-18,Affiliate,228672,190113
CAMP-0112,Campaign 0112,Influencer,2023-06-13,2023-06-26,Facebook,30432,25674
CAMP-0113,Campaign 0113,Display,2024-07-02,2024-09-09,Email,190786,136946
CAMP-0114,Campaign 0114,Display,2023-10-21,2023-11-22,Facebook,68022,61384
CAMP-0115,Campaign 0115,Display,2023-06-29,2023-07-09,Affiliate,225025,220049
CAMP-0116,Campaign 0116,Performance (Search Ads),2024-09-26,2024-11-02,Instagram,314497,221875
CAMP-0117,Campaign 0117,Performance (Search Ads),2023-10-27,2023-12-22,Instagram,344797,277952
CAMP-0118,Campaign 0118,Influencer,2024-04-07,2024-05-26,Facebook,180708,156767
CAMP-0119,Campaign 0119,Display,2024-08-28,2024-10-09,Affiliate,51123,39311
CAMP-0120,Campaign 0120,Influencer,2023-05-30,2023-07-27,Google Ads,52746,49250
CAMP-0121,Campaign 0121,Display,2024-08-26,2024-09-29,YouTube,161277,133005
CAMP-0122,Campaign 0122,Performance (Search Ads),2024-09-07,2024-10-02,Email,56236,49411
CAMP-0123,Campaign 0123,Display,2024-02-15,2024-03-09,Email,266143,223995
CAMP-0124,Campaign 0124,Display,2023-08-20,2023-11-02,Google Ads,230579,225130
CAMP-0125,Campaign 0125,Social Media,2024-09-04,2024-10-31,Facebook,389282,380864
CAMP-0126,Campaign 0126,Email,2023-07-25,2023-10-01,YouTube,142706,113271
CAMP-0127,Campaign 0127,Influencer,2023-06-03,2023-07-07,Facebook,134627,131820
CAMP-0128,Campaign 0128,Email,2023-12-17,2024-01-28,Instagram,128887,113405
CAMP-0129,Campaign 0129,Display,2023-11-10,2023-12-25,Affiliate,405237,379582
CAMP-0130,Campaign 0130,Social Media,2024-05-17,2024-08-08,YouTube,152014,115950
CAMP-0131,Campaign 0131,Email,2023-10-11,2023-12-19,Instagram,199914,177565
CAMP-0132,Campaign 0132,Display,2023-12-16,2024-01-08,Google Ads,219888,171150
CAMP-0133,Campaign 0133,Social Media,2024-06-05,2024-08-21,Email,375198,279149
CAMP-0134,Campaign 0134,Display,2023-08-10,2023-09-25,Email,216472,154854
CAMP-0135,Campaign 0135,Social Media,2023-08-09,2023-09-22,Instagram,476436,379713
CAMP-0136,Campaign 0136,Display,2023-09-10,2023-11-02,Instagram,333215,326400
CAMP-0137,Campaign 0137,Influencer,2023-05-31,2023-06-17,Email,430420,420737
CAMP-0138,Campaign 0138,Social Media,2023-05-12,2023-07-30,Instagram,115874,96274
CAMP-0139,Campaign 0139,Social Media,2024-01-10,2024-01-25,Instagram,490077,372696
CAMP-0140,Campaign 0140,Influencer,2024-06-07,2024-08-21,Facebook,171292,167327
CAMP-0141,Campaign 0141,Social Media,2024-08-30,2024-11-15,Instagram,340059,306143
CAMP-0142,Campaign 0142,Influencer,2023-11-22,2024-02-07,Instagram,412240,360029
CAMP-0143,Campaign 0143,Performance (Search Ads),2024-07-14,2024-09-17,Email,88691,87490
CAMP-0144,Campaign 0144,Influencer,2023-05-02,2023-05-31,Instagram,379038,357123
CAMP-0145,Campaign 0145,Email,2023-06-02,2023-07-14,Affiliate,99004,95024
CAMP-0146,Campaign 0146,Email,2024-04-14,2024-05-20,Google Ads,440545,325293
CAMP-0147,Campaign 0147,Influencer,2024-05-10,2024-06-23,Affiliate,257671,243685
CAMP-0148,Campaign 0148,Social Media,2023-09-19,2023-12-11,YouTube,312268,228400
CAMP-0149,Campaign 0149,Social Media,2024-06-18,2024-09-15,Facebook,145665,142868
CAMP-0150,Campaign 0150,Email,2023-11-24,2024-01-08,YouTube,76934,73161
CAMP-0151,Campaign 0151,Influencer,2023-09-29,2023-10-21,Instagram,272242,257022
CAMP-0152,Campaign 0152,Social Media,2023-05-12,2023-07-01,Google Ads,363351,256921
CAMP-0153,Campaign 0153,Email,2024-09-03,2024-11-21,Instagram,296333,234600
CAMP-0154,Campaign 0154,Social Media,2023-07-26,2023-09-22,Facebook,131061,123393
CAMP-0155,Campaign 0155,Influencer,2024-09-09,2024-11-09,YouTube,124463,93442
CAMP-0156,Campaign 0156,Social Media,2024-04-21,2024-05-28,YouTube,271388,240321
CAMP-0157,Campaign 0157,Performance (Search Ads),2023-12-26,2024-02-18,YouTube,290958,290927
CAMP-0158,Campaign 0158,Influencer,2024-06-19,2024-07-14,Instagram,456738,424097
CAMP-0159,Campaign 0159,Social Media,2024-05-01,2024-06-30,Instagram,169301,127512
CAMP-0160,Campaign 0160,Display,2024-08-26,2024-09-06,Email,441607,376196
CAMP-0161,Campaign 0161,Performance (Search Ads),2024-01-07,2024-02-17,Facebook,122911,86688
CAMP-0162,Campaign 0162,Influencer,2024-05-12,2024-07-06,Affiliate,86207,66654
CAMP-0163,Campaign 0163,Influencer,2023-06-14,2023-08-14,Google Ads,368803,366012
CAMP-0164,Campaign 0164,Display,2024-07-11,2024-08-07,Facebook,330035,317805
CAMP-0165,Campaign 0165,Email,2024-09-03,2024-09-21,Affiliate,371505,281872
CAMP-0166,Campaign 0166,Display,2023-07-14,2023-07-24,Instagram,227565,177827
CAMP-0167,Campaign 0167,Social Media,2023-07-30,2023-08-10,Affiliate,470610,363574
CAMP-0168,Campaign 0168,Social Media,2024-04-06,2024-04-30,Instagram,100336,76223
CAMP-0169,Campaign 0169,Social Media,2023-10-18,2024-01-16,Affiliate,125777,90336
CAMP-0170,Campaign 0170,Performance (Search Ads),2024-07-02,2024-09-24,YouTube,181607,147856
CAMP-0171,Campaign 0171,Email,2023-09-19,2023-09-29,YouTube,267105,197412
CAMP-0172,Campaign 0172,Social Media,2024-06-08,2024-07-14,YouTube,394595,383695
CAMP-0173,Campaign 0173,Performance (Search Ads),2023-07-01,2023-09-19,Instagram,285677,256039
CAMP-0174,Campaign 0174,Influencer,2024-02-06,2024-03-05,YouTube,367287,332133
CAMP-0175,Campaign 0175,Display,2023-08-25,2023-09-06,Google Ads,471876,449824
CAMP-0176,Campaign 0176,Display,2023-04-16,2023-06-02,Affiliate,279103,218916
CAMP-0177,Campaign 0177,Display,2023-05-05,2023-07-21,Instagram,297974,250635
CAMP-0178,Campaign 0178,Display,2024-07-08,2024-08-26,YouTube,363300,257338
CAMP-0179,Campaign 0179,Email,2024-07-15,2024-08-25,Google Ads,46199,38730
CAMP-0180,Campaign 0180,Display,2023-12-04,2024-02-19,Affiliate,266218,217834
CAMP-0181,Campaign 0181,Display,2024-02-15,2024-04-09,Instagram,444587,351886
CAMP-0182,Campaign 0182,Influencer,2023-05-09,2023-08-03,YouTube,73174,61728
CAMP-0183,Campaign 0183,Influencer,2023-08-15,2023-08-31,Facebook,452867,329838
CAMP-0184,Campaign 0184,Performance (Search Ads),2023-07-08,2023-09-26,YouTube,455128,340592
CAMP-0185,Campaign 0185,Performance (Search Ads),2024-03-24,2024-05-29,YouTube,52637,40734
CAMP-0186,Campaign 0186,Email,2024-01-02,2024-01-26,Google Ads,240950,220373
CAMP-0187,Campaign 0187,Performance (Search Ads),2024-03-11,2024-06-05,Instagram,345556,256574
CAMP-0188,Campaign 0188,Email,2023-06-28,2023-07-11,Email,424079,333757
CAMP-0189,Campaign 0189,Display,2023-05-24,2023-08-22,Email,211119,175927
CAMP-0190,Campaign 0190,Influencer,2023-12-16,2024-01-05,Google Ads,212374,203904
CAMP-0191,Campaign 0191,Influencer,2024-07-21,2024-09-16,Email,337237,294445
CAMP-0192,Campaign 0192,Performance (Search Ads),2024-06-28,2024-07-20,Google Ads,125894,114117
CAMP-0193,Campaign 0193,Influencer,2023-09-18,2023-10-15,Google Ads,291856,232909
CAMP-0194,Campaign 0194,Social Media,2024-04-10,2024-06-14,YouTube,469163,342025
CAMP-0195,Campaign 0195,Influencer,2024-09-06,2024-10-26,YouTube,177331,177117
CAMP-0196,Campaign 0196,Performance (Search Ads),2024-03-04,2024-03-16,Google Ads,38387,29214
CAMP-0197,Campaign 0197,Display,2024-01-31,2024-02-27,Affiliate,209691,200052
CAMP-0198,Campaign 0198,Display,2023-09-21,2023-10-06,Facebook,243067,172781
CAMP-0199,Campaign 0199,Social Media,2024-04-15,2024-05-10,Email,112718,105536
CAMP-0200,Campaign 0200,Performance (Search Ads),2024-09-01,2024-10-18,YouTube,343784,259209
